<?xml version="1.0" encoding="UTF-8"?>
<project-private xmlns="http://www.netbeans.org/ns/project-private/1">
    <editor-bookmarks xmlns="http://www.netbeans.org/ns/editor-bookmarks/2" lastBookmarkId="0"/>
    <open-files xmlns="http://www.netbeans.org/ns/projectui-open-files/2">
        <group>
            <file>file:/C:/Users/vitor/OneDrive/Documentos/NetBeansProjects/FunerariaSTA_LUZIA/src/view/AttCliente.java</file>
            <file>file:/C:/Users/vitor/OneDrive/Documentos/NetBeansProjects/FunerariaSTA_LUZIA/src/view/Inicio.java</file>
            <file>file:/C:/Users/vitor/OneDrive/Documentos/NetBeansProjects/FunerariaSTA_LUZIA/src/view/Delcliente.java</file>
            <file>file:/C:/Users/vitor/OneDrive/Documentos/NetBeansProjects/FunerariaSTA_LUZIA/src/view/Cadastro.java</file>
            <file>file:/C:/Users/vitor/OneDrive/Documentos/NetBeansProjects/FunerariaSTA_LUZIA/src/view/Modificacao.java</file>
        </group>
    </open-files>
</project-private>
